timestamp,lon,lat
1664188209400000,11.3132731,46.4334271
1664188209500000,11.3132731,46.4334271
1664188209600000,11.3132731,46.4334271
1664188209700000,11.313273,46.4334271
1664188209800000,11.313273,46.4334271
1664188209900000,11.313273,46.4334271
1664188210000000,11.313273,46.4334271
1664188210100000,11.3132729,46.4334271
1664188210200000,11.3132729,46.4334271
1664188210300000,11.3132729,46.4334271
1664188210400000,11.3132729,46.4334271
1664188210500000,11.3132729,46.4334271
1664188210600000,11.3132729,46.4334271
1664188210700000,11.3132728,46.4334271
1664188210800000,11.3132728,46.4334271
1664188210900000,11.3132728,46.4334271
1664188211000000,11.3132728,46.4334271
1664188211100000,11.3132728,46.4334272
1664188211200000,11.3132728,46.4334272
1664188211300000,11.3132727,46.4334272
1664188211400000,11.3132727,46.4334272
1664188211500000,11.3132727,46.4334272
1664188211600000,11.3132727,46.4334272
1664188211700000,11.3132727,46.4334272
1664188211800000,11.3132727,46.4334272
1664188211900000,11.3132727,46.4334272
1664188212000000,11.3132726,46.4334272
1664188212100000,11.3132726,46.4334272
1664188212200000,11.3132726,46.4334272
1664188212300000,11.3132726,46.4334272
1664188212400000,11.3132725,46.4334272
1664188212500000,11.3132725,46.4334272
1664188212600000,11.3132725,46.4334272
1664188212700000,11.3132725,46.4334272
1664188212800000,11.3132725,46.4334272
1664188212900000,11.3132725,46.4334272
1664188213000000,11.3132725,46.4334272
1664188213100000,11.3132725,46.4334272
1664188213200000,11.3132725,46.4334272
1664188213300000,11.3132725,46.4334272
1664188213400000,11.3132724,46.4334272
1664188213500000,11.3132724,46.4334272
1664188213600000,11.3132724,46.4334272
1664188213700000,11.3132724,46.4334272
1664188213800000,11.3132724,46.4334272
1664188213900000,11.3132723,46.4334272
1664188214000000,11.3132723,46.4334272
1664188214100000,11.3132723,46.4334272
1664188214200000,11.3132723,46.4334272
1664188214300000,11.3132723,46.4334272
1664188214400000,11.3132723,46.4334272
1664188214500000,11.3132723,46.4334272
1664188214600000,11.3132722,46.4334272
1664188214700000,11.3132722,46.4334272
1664188214800000,11.3132722,46.4334272
1664188214900000,11.3132722,46.4334272
1664188215000000,11.3132721,46.4334272
1664188215100000,11.3132721,46.4334272
1664188215200000,11.3132721,46.4334272
1664188215300000,11.313272,46.4334272
1664188215400000,11.313272,46.4334273
1664188215500000,11.313272,46.4334273
1664188215600000,11.313272,46.4334273
1664188215700000,11.313272,46.4334273
1664188215800000,11.313272,46.4334273
1664188215900000,11.313272,46.4334273
1664188216000000,11.313272,46.4334273
1664188216100000,11.3132719,46.4334273
1664188216200000,11.3132719,46.4334273
1664188216300000,11.3132719,46.4334273
1664188216400000,11.3132719,46.4334273
1664188216500000,11.3132719,46.4334273
1664188216600000,11.3132719,46.4334273
1664188216700000,11.3132718,46.4334273
1664188216800000,11.3132718,46.4334273
1664188216900000,11.3132718,46.4334273
1664188217000000,11.3132718,46.4334273
1664188217100000,11.3132718,46.4334273
1664188217200000,11.3132718,46.4334273
1664188217300000,11.3132718,46.4334273
1664188217400000,11.3132718,46.4334273
1664188217500000,11.3132718,46.4334273
1664188217600000,11.3132717,46.4334273
1664188217700000,11.3132717,46.4334273
1664188217800000,11.3132717,46.4334273
1664188217900000,11.3132717,46.4334273
1664188218000000,11.3132717,46.4334273
1664188218100000,11.3132717,46.4334273
1664188218200000,11.3132717,46.4334273
1664188218300000,11.3132717,46.4334273
1664188218400000,11.3132717,46.4334273
1664188218500000,11.3132717,46.4334273
1664188218600000,11.3132717,46.4334273
1664188218700000,11.3132717,46.4334273
1664188218800000,11.3132717,46.4334273
1664188218900000,11.3132717,46.4334273
1664188219000000,11.3132717,46.4334273
1664188219100000,11.3132716,46.4334274
1664188219200000,11.3132716,46.4334274
1664188219300000,11.3132716,46.4334274
1664188219400000,11.3132716,46.4334274
1664188219500000,11.3132716,46.4334274
1664188219600000,11.3132715,46.4334274
1664188219700000,11.3132715,46.4334274
1664188219800000,11.3132715,46.4334274
1664188219900000,11.3132715,46.4334274
1664188220000000,11.3132715,46.4334274
1664188220100000,11.3132715,46.4334274
1664188220200000,11.3132715,46.4334274
1664188220300000,11.3132715,46.4334274
1664188220400000,11.3132715,46.4334275
1664188220500000,11.3132715,46.4334275
1664188220600000,11.3132715,46.4334275
1664188220700000,11.3132715,46.4334274
1664188220800000,11.3132715,46.4334274
1664188220900000,11.3132715,46.4334274
1664188221000000,11.3132715,46.4334274
1664188221100000,11.3132715,46.4334274
1664188221200000,11.3132714,46.4334274
1664188221300000,11.3132714,46.4334274
1664188221400000,11.3132714,46.4334275
1664188221500000,11.3132714,46.4334275
1664188221600000,11.3132714,46.4334275
1664188221700000,11.3132714,46.4334275
1664188221800000,11.3132714,46.4334275
1664188221900000,11.3132713,46.4334275
1664188222000000,11.3132713,46.4334275
1664188222100000,11.3132713,46.4334275
1664188222200000,11.3132713,46.4334275
1664188222300000,11.3132713,46.4334275
1664188222400000,11.3132713,46.4334275
1664188222500000,11.3132713,46.4334275
1664188222600000,11.3132713,46.4334275
1664188222700000,11.3132713,46.4334275
1664188222800000,11.3132712,46.4334275
1664188222900000,11.3132712,46.4334276
1664188223000000,11.3132712,46.4334276
1664188223100000,11.3132712,46.4334276
1664188223200000,11.3132711,46.4334276
1664188223300000,11.3132711,46.4334276
1664188223400000,11.3132711,46.4334276
1664188223500000,11.3132711,46.4334276
1664188223600000,11.3132711,46.4334276
1664188223700000,11.3132711,46.4334276
1664188223800000,11.3132711,46.4334276
1664188223900000,11.313271,46.4334276
1664188224000000,11.313271,46.4334276
1664188224100000,11.313271,46.4334276
1664188224200000,11.3132711,46.4334277
1664188224300000,11.313271,46.4334277
1664188224400000,11.313271,46.4334277
1664188224500000,11.313271,46.4334276
1664188224600000,11.313271,46.4334276
1664188224700000,11.3132711,46.4334276
1664188224800000,11.313271,46.4334276
1664188224900000,11.3132711,46.4334276
1664188225000000,11.313271,46.4334276
1664188225100000,11.313271,46.4334276
1664188225200000,11.313271,46.4334276
1664188225300000,11.313271,46.4334276
1664188225400000,11.313271,46.4334276
1664188225500000,11.3132711,46.4334276
1664188225600000,11.3132711,46.4334276
1664188225700000,11.313271,46.4334276
1664188225800000,11.313271,46.4334276
1664188225900000,11.313271,46.4334276
1664188226000000,11.313271,46.4334276
1664188226100000,11.313271,46.4334276
1664188226200000,11.313271,46.4334276
1664188226300000,11.313271,46.4334276
1664188226400000,11.313271,46.4334276
1664188226500000,11.313271,46.4334276
1664188226600000,11.313271,46.4334276
1664188226700000,11.313271,46.4334276
1664188226800000,11.313271,46.4334276
1664188226900000,11.313271,46.4334276
1664188227000000,11.313271,46.4334276
1664188227100000,11.3132709,46.4334276
1664188227200000,11.3132709,46.4334277
1664188227300000,11.3132709,46.4334277
1664188227400000,11.3132709,46.4334277
1664188227500000,11.3132709,46.4334277
1664188227600000,11.3132709,46.4334277
1664188227700000,11.3132709,46.4334277
1664188227800000,11.3132709,46.4334276
1664188227900000,11.3132709,46.4334276
1664188228000000,11.3132709,46.4334276
1664188228100000,11.3132709,46.4334276
1664188228200000,11.3132709,46.4334276
1664188228300000,11.3132709,46.4334276
1664188228400000,11.3132709,46.4334277
1664188228500000,11.3132709,46.4334277
1664188228600000,11.3132709,46.4334277
1664188228700000,11.3132709,46.4334277
1664188228800000,11.3132709,46.4334277
1664188228900000,11.3132709,46.4334277
1664188229000000,11.3132709,46.4334277
1664188229100000,11.3132709,46.4334276
1664188229200000,11.3132709,46.4334276
1664188229300000,11.3132709,46.4334276
1664188229400000,11.3132708,46.4334276
1664188229500000,11.3132709,46.4334276
1664188229600000,11.3132709,46.4334276
1664188229700000,11.3132708,46.4334277
1664188229800000,11.3132709,46.4334277
1664188229900000,11.3132709,46.4334277
1664188230000000,11.3132708,46.4334277
1664188230100000,11.3132709,46.4334277
1664188230200000,11.3132708,46.4334277
1664188230300000,11.3132708,46.4334277
1664188230400000,11.3132708,46.4334277
1664188230500000,11.3132709,46.4334277
1664188230600000,11.3132709,46.4334277
1664188230700000,11.3132709,46.4334277
1664188230800000,11.3132709,46.4334277
1664188230900000,11.3132709,46.4334277
1664188231000000,11.3132709,46.4334277
1664188231100000,11.3132709,46.4334277
1664188231200000,11.3132709,46.4334277
1664188231300000,11.3132709,46.4334277
1664188231400000,11.313271,46.4334277
1664188231500000,11.3132709,46.4334277
1664188231600000,11.313271,46.4334277
1664188231700000,11.313271,46.4334277
1664188231800000,11.313271,46.4334277
1664188231900000,11.313271,46.4334277
1664188232000000,11.313271,46.4334278
1664188232100000,11.313271,46.4334278
1664188232200000,11.313271,46.4334278
1664188232300000,11.313271,46.4334278
1664188232400000,11.313271,46.4334278
1664188232500000,11.313271,46.4334278
1664188232600000,11.313271,46.4334278
1664188232700000,11.3132711,46.4334278
1664188232800000,11.3132711,46.4334278
1664188232900000,11.3132711,46.4334278
1664188233000000,11.3132711,46.4334278
1664188233100000,11.3132711,46.4334278
1664188233200000,11.3132711,46.4334279
1664188233300000,11.3132712,46.4334279
1664188233400000,11.3132712,46.4334279
1664188233500000,11.3132712,46.4334279
1664188233600000,11.3132712,46.4334279
1664188233700000,11.3132712,46.4334279
1664188233800000,11.3132712,46.4334279
1664188233900000,11.3132712,46.4334279
1664188234000000,11.3132712,46.4334279
1664188234100000,11.3132713,46.4334279
1664188234200000,11.3132713,46.4334279
1664188234300000,11.3132713,46.4334279
1664188234400000,11.3132713,46.4334279
1664188234500000,11.3132713,46.4334279
1664188234600000,11.3132713,46.4334278
1664188234700000,11.3132713,46.4334278
1664188234800000,11.3132713,46.4334278
1664188234900000,11.3132714,46.4334278
1664188235000000,11.3132714,46.4334278
1664188235100000,11.3132714,46.4334278
1664188235200000,11.3132714,46.4334278
1664188235300000,11.3132714,46.4334278
1664188235400000,11.3132714,46.4334278
1664188235500000,11.3132714,46.4334278
1664188235600000,11.3132714,46.4334278
1664188235700000,11.3132714,46.4334278
1664188235800000,11.3132714,46.4334277
1664188235900000,11.3132715,46.4334277
1664188236000000,11.3132715,46.4334277
1664188236100000,11.3132715,46.4334277
1664188236200000,11.3132715,46.4334277
1664188236300000,11.3132715,46.4334277
1664188236400000,11.3132716,46.4334277
1664188236500000,11.3132716,46.4334277
1664188236600000,11.3132716,46.4334277
1664188236700000,11.3132716,46.4334277
1664188236800000,11.3132716,46.4334277
1664188236900000,11.3132716,46.4334277
1664188237000000,11.3132716,46.4334277
1664188237100000,11.3132716,46.4334277
1664188237200000,11.3132716,46.4334277
1664188237300000,11.3132716,46.4334277
1664188237400000,11.3132716,46.4334277
1664188237500000,11.3132717,46.4334276
1664188237600000,11.3132717,46.4334276
1664188237700000,11.3132717,46.4334276
1664188237800000,11.3132717,46.4334276
1664188237900000,11.3132717,46.4334276
1664188238000000,11.3132717,46.4334276
1664188238100000,11.3132717,46.4334276
1664188238200000,11.3132717,46.4334276
1664188238300000,11.3132717,46.4334276
1664188238400000,11.3132717,46.4334276
1664188238500000,11.3132717,46.4334276
1664188238600000,11.3132717,46.4334276
1664188238700000,11.3132717,46.4334276
1664188238800000,11.3132718,46.4334275
1664188238900000,11.3132718,46.4334275
1664188239000000,11.3132718,46.4334275
1664188239100000,11.3132718,46.4334275
1664188239200000,11.3132718,46.4334275
1664188239300000,11.3132718,46.4334275
1664188239400000,11.3132718,46.4334275
1664188239500000,11.3132718,46.4334275
1664188239600000,11.3132718,46.4334275
1664188239700000,11.3132718,46.4334275
1664188239800000,11.3132718,46.4334275
1664188239900000,11.3132719,46.4334275
1664188240000000,11.3132719,46.4334275
1664188240100000,11.3132719,46.4334275
1664188240200000,11.3132719,46.4334275
1664188240300000,11.3132719,46.4334275
1664188240400000,11.3132718,46.4334275
1664188240500000,11.3132719,46.4334274
1664188240600000,11.3132719,46.4334274
1664188240700000,11.3132719,46.4334274
1664188240800000,11.3132719,46.4334274
1664188240900000,11.3132719,46.4334274
1664188241000000,11.3132719,46.4334274
1664188241100000,11.3132719,46.4334274
1664188241200000,11.3132719,46.4334273
1664188241300000,11.3132719,46.4334273
1664188241400000,11.3132719,46.4334273
1664188241500000,11.3132719,46.4334273
1664188241600000,11.3132719,46.4334273
1664188241700000,11.3132718,46.4334273
1664188241800000,11.3132718,46.4334273
1664188241900000,11.3132718,46.4334273
1664188242000000,11.3132718,46.4334273
1664188242100000,11.3132718,46.4334273
1664188242200000,11.3132718,46.4334273
1664188242300000,11.3132718,46.4334272
1664188242400000,11.3132718,46.4334272
1664188242500000,11.3132718,46.4334272
1664188242600000,11.3132719,46.4334272
1664188242700000,11.3132719,46.4334272
1664188242800000,11.3132719,46.4334272
1664188242900000,11.3132718,46.4334272
1664188243000000,11.3132718,46.4334272
1664188243100000,11.3132718,46.4334272
1664188243200000,11.3132718,46.4334272
1664188243300000,11.3132718,46.4334271
1664188243400000,11.3132718,46.4334271
1664188243500000,11.3132718,46.4334271
1664188243600000,11.3132718,46.4334271
1664188243700000,11.3132718,46.4334271
1664188243800000,11.3132718,46.4334271
1664188243900000,11.3132718,46.4334271
1664188244000000,11.3132718,46.4334271
1664188244100000,11.3132718,46.4334271
1664188244200000,11.3132718,46.4334271
1664188244300000,11.3132719,46.4334271
1664188244400000,11.3132718,46.4334271
1664188244500000,11.3132719,46.4334271
1664188244600000,11.3132719,46.4334271
1664188244700000,11.3132719,46.433427
1664188244800000,11.313272,46.433427
1664188244900000,11.3132721,46.433427
1664188245000000,11.3132722,46.4334269
1664188245100000,11.3132723,46.4334268
1664188245200000,11.3132725,46.4334267
1664188245300000,11.3132727,46.4334267
1664188245400000,11.313273,46.4334265
1664188245500000,11.3132735,46.4334264
1664188245600000,11.3132739,46.4334262
1664188245700000,11.3132745,46.433426
1664188245800000,11.3132752,46.4334258
1664188245900000,11.313276,46.4334255
1664188246000000,11.3132768,46.4334252
1664188246100000,11.3132778,46.4334249
1664188246200000,11.3132788,46.4334246
1664188246300000,11.3132799,46.4334243
1664188246400000,11.3132812,46.4334239
1664188246500000,11.3132825,46.4334235
1664188246600000,11.313284,46.433423
1664188246700000,11.3132855,46.4334225
1664188246800000,11.3132872,46.4334219
1664188246900000,11.313289,46.4334213
1664188247000000,11.313291,46.4334206
1664188247100000,11.3132931,46.4334198
1664188247200000,11.3132954,46.433419
1664188247300000,11.3132979,46.4334181
1664188247400000,11.3133005,46.4334171
1664188247500000,11.3133031,46.433416
1664188247600000,11.3133059,46.4334147
1664188247700000,11.3133089,46.4334132
1664188247800000,11.3133119,46.4334116
1664188247900000,11.313315,46.4334099
1664188248000000,11.3133182,46.4334079
1664188248100000,11.3133214,46.4334056
1664188248200000,11.3133245,46.4334032
1664188248300000,11.3133276,46.4334004
1664188248400000,11.3133307,46.4333975
1664188248500000,11.3133335,46.4333944
1664188248600000,11.3133362,46.4333909
1664188248700000,11.3133387,46.4333872
1664188248800000,11.313341,46.4333832
1664188248900000,11.3133428,46.433379
1664188249000000,11.3133444,46.4333745
1664188249100000,11.3133457,46.4333698
1664188249200000,11.3133466,46.4333648
1664188249300000,11.313347,46.4333596
1664188249400000,11.3133469,46.4333542
1664188249500000,11.3133462,46.4333487
1664188249600000,11.313345,46.4333431
1664188249700000,11.3133431,46.4333374
1664188249800000,11.3133407,46.4333316
1664188249900000,11.3133375,46.4333258
1664188250000000,11.3133336,46.43332
1664188250100000,11.3133288,46.4333144
1664188250200000,11.3133232,46.4333089
1664188250300000,11.3133232,46.4333089
1664188250400000,11.3133097,46.4332988
1664188250500000,11.3133016,46.4332943
1664188250600000,11.3132929,46.4332902
1664188250700000,11.3132834,46.4332866
1664188250800000,11.3132733,46.4332836
1664188250900000,11.3132626,46.4332813
1664188251000000,11.3132513,46.4332798
1664188251100000,11.3132398,46.4332789
1664188251200000,11.313228,46.4332789
1664188251300000,11.313216,46.4332796
1664188251400000,11.313204,46.4332811
1664188251500000,11.3131922,46.4332836
1664188251600000,11.3131806,46.433287
1664188251700000,11.3131697,46.4332914
1664188251800000,11.313159,46.4332966
1664188251900000,11.3131494,46.4333027
1664188252000000,11.3131407,46.4333097
1664188252100000,11.3131334,46.4333174
1664188252200000,11.3131274,46.4333256
1664188252300000,11.3131231,46.4333344
1664188252400000,11.3131206,46.4333433
1664188252500000,11.3131197,46.4333524
1664188252600000,11.3131205,46.4333614
1664188252700000,11.3131229,46.4333703
1664188252800000,11.3131264,46.4333791
1664188252900000,11.3131309,46.433388
1664188253000000,11.3131366,46.4333966
1664188253100000,11.3131436,46.4334048
1664188253200000,11.3131517,46.4334127
1664188253300000,11.313161,46.4334197
1664188253400000,11.3131713,46.4334257
1664188253500000,11.3131822,46.4334309
1664188253600000,11.3131937,46.4334351
1664188253700000,11.3132056,46.4334382
1664188253800000,11.3132177,46.4334404
1664188253900000,11.3132299,46.4334414
1664188254000000,11.3132421,46.4334416
1664188254100000,11.3132541,46.4334408
1664188254200000,11.3132658,46.4334391
1664188254300000,11.3132775,46.4334367
1664188254400000,11.3132886,46.4334335
1664188254500000,11.3132991,46.4334294
1664188254600000,11.3133092,46.4334246
1664188254700000,11.3133184,46.433419
1664188254800000,11.3133271,46.4334128
1664188254900000,11.3133348,46.433406
1664188255000000,11.3133416,46.4333986
1664188255100000,11.3133473,46.4333908
1664188255200000,11.3133518,46.4333825
1664188255300000,11.313355,46.433374
1664188255400000,11.3133566,46.4333653
1664188255500000,11.3133568,46.4333565
1664188255600000,11.3133553,46.4333479
1664188255700000,11.3133525,46.4333394
1664188255800000,11.3133484,46.4333313
1664188255900000,11.313343,46.4333234
1664188256000000,11.3133366,46.4333158
1664188256100000,11.313329,46.4333086
1664188256200000,11.3133203,46.4333018
1664188256300000,11.3133106,46.4332957
1664188256400000,11.3132999,46.4332902
1664188256500000,11.3132884,46.4332855
1664188256600000,11.3132761,46.4332816
1664188256700000,11.3132633,46.4332788
1664188256800000,11.31325,46.433277
1664188256900000,11.3132365,46.4332761
1664188257000000,11.313223,46.4332764
1664188257100000,11.3132096,46.4332779
1664188257200000,11.3131967,46.4332804
1664188257300000,11.3131844,46.433284
1664188257400000,11.313173,46.4332887
1664188257500000,11.3131621,46.433294
1664188257600000,11.313152,46.4333002
1664188257700000,11.3131428,46.4333071
1664188257800000,11.3131349,46.4333147
1664188257900000,11.313128,46.4333228
1664188258000000,11.3131228,46.4333315
1664188258100000,11.3131192,46.4333404
1664188258200000,11.3131171,46.4333496
1664188258300000,11.3131168,46.4333589
1664188258400000,11.313118,46.4333681
1664188258500000,11.3131207,46.4333771
1664188258600000,11.3131249,46.4333859
1664188258700000,11.3131306,46.4333943
1664188258800000,11.3131373,46.4334023
1664188258900000,11.3131455,46.4334096
1664188259000000,11.3131549,46.4334164
1664188259100000,11.3131654,46.4334225
1664188259200000,11.3131769,46.4334279
1664188259300000,11.3131892,46.4334323
1664188259400000,11.3132021,46.4334357
1664188259500000,11.3132156,46.433438
1664188259600000,11.3132294,46.4334394
1664188259700000,11.3132433,46.4334395
1664188259800000,11.313257,46.4334385
1664188259900000,11.3132702,46.433436
1664188260000000,11.3132835,46.4334329
1664188260100000,11.3132958,46.4334287
1664188260200000,11.3133074,46.4334235
1664188260300000,11.313318,46.4334174
1664188260400000,11.3133275,46.4334106
1664188260500000,11.3133356,46.433403
1664188260600000,11.3133423,46.433395
1664188260700000,11.3133475,46.4333865
1664188260800000,11.313351,46.4333778
1664188260900000,11.313353,46.4333688
1664188261000000,11.3133535,46.4333598
1664188261100000,11.3133525,46.4333508
1664188261200000,11.3133502,46.4333419
1664188261300000,11.3133465,46.4333332
1664188261400000,11.3133415,46.4333247
1664188261500000,11.3133351,46.4333167
1664188261600000,11.3133274,46.4333091
1664188261700000,11.3133187,46.4333022
1664188261800000,11.3133088,46.4332959
1664188261900000,11.3132979,46.4332904
1664188262000000,11.3132863,46.4332855
1664188262100000,11.3132739,46.4332817
1664188262200000,11.3132609,46.433279
1664188262300000,11.3132476,46.4332772
1664188262400000,11.3132341,46.4332766
1664188262500000,11.3132206,46.4332771
1664188262600000,11.3132074,46.4332787
1664188262700000,11.3131945,46.4332814
1664188262800000,11.3131823,46.4332853
1664188262900000,11.313171,46.4332902
1664188263000000,11.3131602,46.4332958
1664188263100000,11.3131505,46.4333023
1664188263200000,11.3131421,46.4333096
1664188263300000,11.3131352,46.4333175
1664188263400000,11.3131293,46.4333259
1664188263500000,11.3131249,46.4333347
1664188263600000,11.3131221,46.4333438
1664188263700000,11.3131208,46.4333532
1664188263800000,11.3131212,46.4333626
1664188263900000,11.3131233,46.4333718
1664188264000000,11.3131269,46.4333809
1664188264100000,11.3131322,46.4333895
1664188264200000,11.3131389,46.4333977
1664188264300000,11.313147,46.4334052
1664188264400000,11.3131564,46.433412
1664188264500000,11.3131669,46.433418
1664188264600000,11.3131784,46.4334233
1664188264700000,11.3131908,46.4334276
1664188264800000,11.3132038,46.4334307
1664188264900000,11.3132173,46.4334328
1664188265000000,11.3132311,46.4334337
1664188265100000,11.3132449,46.4334334
1664188265200000,11.3132584,46.4334317
1664188265300000,11.3132712,46.4334288
1664188265400000,11.3132839,46.4334251
1664188265500000,11.3132956,46.4334203
1664188265600000,11.3133069,46.4334148
1664188265700000,11.3133169,46.4334083
1664188265800000,11.3133259,46.433401
1664188265900000,11.3133337,46.4333929
1664188266000000,11.3133399,46.4333843
1664188266100000,11.3133448,46.4333752
1664188266200000,11.3133477,46.4333659
1664188266300000,11.3133489,46.4333564
1664188266400000,11.3133484,46.433347
1664188266500000,11.3133463,46.4333377
1664188266600000,11.3133424,46.4333288
1664188266700000,11.3133372,46.4333201
1664188266800000,11.3133306,46.4333119
1664188266900000,11.3133232,46.4333038
1664188267000000,11.3133141,46.4332965
1664188267100000,11.3133036,46.4332899
1664188267200000,11.3132922,46.4332841
1664188267300000,11.3132799,46.4332792
1664188267400000,11.3132668,46.4332756
1664188267500000,11.3132532,46.433273
1664188267600000,11.3132393,46.4332716
1664188267700000,11.3132253,46.4332713
1664188267800000,11.3132115,46.4332721
1664188267900000,11.3131979,46.4332742
1664188268000000,11.313185,46.4332773
1664188268100000,11.3131729,46.4332818
1664188268200000,11.3131615,46.433287
1664188268300000,11.313151,46.4332932
1664188268400000,11.3131415,46.4333002
1664188268500000,11.3131332,46.4333079
1664188268600000,11.3131259,46.4333162
1664188268700000,11.3131202,46.4333251
1664188268800000,11.3131165,46.4333344
1664188268900000,11.3131138,46.433344
1664188269000000,11.3131131,46.4333536
1664188269100000,11.313114,46.4333633
1664188269200000,11.3131164,46.4333729
1664188269300000,11.3131203,46.4333822
1664188269400000,11.3131257,46.4333912
1664188269500000,11.3131326,46.4333996
1664188269600000,11.3131409,46.4334074
1664188269700000,11.3131504,46.4334146
1664188269800000,11.313161,46.4334209
1664188269900000,11.3131726,46.4334264
1664188270000000,11.3131849,46.433431
1664188270100000,11.3131979,46.4334346
1664188270200000,11.3132113,46.433437
1664188270300000,11.313225,46.4334383
1664188270400000,11.3132388,46.4334384
1664188270500000,11.3132524,46.4334374
1664188270600000,11.3132652,46.4334347
1664188270700000,11.313278,46.4334313
1664188270800000,11.3132902,46.433427
1664188270900000,11.3133015,46.4334218
1664188271000000,11.3133015,46.4334218
1664188271100000,11.3133213,46.4334089
1664188271200000,11.3133296,46.4334014
1664188271300000,11.3133367,46.4333933
1664188271400000,11.3133423,46.4333847
1664188271500000,11.3133467,46.4333757
1664188271600000,11.3133491,46.4333665
1664188271700000,11.3133501,46.4333572
1664188271800000,11.3133493,46.433348
1664188271900000,11.3133469,46.4333389
1664188272000000,11.3133432,46.4333302
1664188272100000,11.3133389,46.4333213
1664188272200000,11.3133329,46.433313
1664188272300000,11.3133255,46.4333055
1664188272400000,11.3133169,46.4332985
1664188272500000,11.3133073,46.4332921
1664188272600000,11.3132966,46.4332867
1664188272700000,11.3132851,46.433282
1664188272800000,11.3132731,46.4332783
1664188272900000,11.3132606,46.4332756
1664188273000000,11.3132477,46.4332738
1664188273100000,11.3132346,46.4332731
1664188273200000,11.3132216,46.4332733
1664188273300000,11.3132086,46.4332746
1664188273400000,11.313196,46.433277
1664188273500000,11.3131839,46.4332802
1664188273600000,11.313173,46.4332844
1664188273700000,11.3131629,46.433289
1664188273800000,11.3131539,46.4332944
1664188273900000,11.3131462,46.4333002
1664188274000000,11.3131396,46.4333062
1664188274100000,11.313134,46.4333125
1664188274200000,11.3131294,46.4333188
1664188274300000,11.3131294,46.4333188
1664188274400000,11.3131228,46.4333314
1664188274500000,11.3131208,46.4333374
1664188274600000,11.3131194,46.4333434
1664188274700000,11.3131186,46.433349
1664188274800000,11.3131184,46.4333544
1664188274900000,11.3131187,46.4333594
1664188275000000,11.3131196,46.4333641
1664188275100000,11.3131208,46.4333684
1664188275200000,11.3131222,46.4333723
1664188275300000,11.3131239,46.4333759
1664188275400000,11.3131256,46.433379
1664188275500000,11.3131273,46.4333818
1664188275600000,11.313129,46.4333842
1664188275700000,11.3131306,46.4333864
1664188275800000,11.313132,46.4333881
1664188275900000,11.3131331,46.4333896
1664188276000000,11.3131337,46.4333907
1664188276100000,11.313134,46.4333914
1664188276200000,11.3131342,46.4333917
1664188276300000,11.3131342,46.4333915
1664188276400000,11.3131342,46.4333916
1664188276500000,11.3131343,46.4333916
1664188276600000,11.3131343,46.4333916
1664188276700000,11.3131343,46.4333916
1664188276800000,11.3131343,46.4333916
1664188276900000,11.3131343,46.4333916
1664188277000000,11.3131343,46.4333916
1664188277100000,11.3131343,46.4333916
1664188277200000,11.3131344,46.4333916
1664188277300000,11.3131344,46.4333916
1664188277400000,11.3131344,46.4333916
1664188277500000,11.3131344,46.4333916
1664188277600000,11.3131344,46.4333916
1664188277700000,11.3131344,46.4333915
1664188277800000,11.3131344,46.4333915
1664188277900000,11.3131345,46.4333915
1664188278000000,11.3131345,46.4333915
1664188278100000,11.3131345,46.4333915
1664188278200000,11.3131345,46.4333915
1664188278300000,11.3131345,46.4333915
1664188278400000,11.3131345,46.4333915
1664188278500000,11.3131346,46.4333915
1664188278600000,11.3131346,46.4333915
1664188278700000,11.3131346,46.4333915
1664188278800000,11.3131347,46.4333915
1664188278900000,11.3131347,46.4333915
1664188279000000,11.3131347,46.4333914
1664188279100000,11.3131348,46.4333914
1664188279200000,11.3131348,46.4333914
1664188279300000,11.3131348,46.4333914
1664188279400000,11.3131348,46.4333914
1664188279500000,11.3131348,46.4333914
1664188279600000,11.3131349,46.4333914
1664188279700000,11.3131349,46.4333914
1664188279800000,11.3131349,46.4333914
1664188279900000,11.313135,46.4333913
1664188280000000,11.313135,46.4333913
1664188280100000,11.313135,46.4333913
1664188280200000,11.313135,46.4333913
1664188280300000,11.313135,46.4333913
1664188280400000,11.313135,46.4333913
1664188280500000,11.3131351,46.4333913
1664188280600000,11.3131351,46.4333913
1664188280700000,11.3131351,46.4333912
1664188280800000,11.3131351,46.4333912
1664188280900000,11.3131351,46.4333912
1664188281000000,11.3131351,46.4333912
1664188281100000,11.3131351,46.4333912
1664188281200000,11.3131352,46.4333912
1664188281300000,11.3131352,46.4333911
1664188281400000,11.3131352,46.4333911
1664188281500000,11.3131352,46.4333911
1664188281600000,11.3131352,46.4333911
1664188281700000,11.3131352,46.4333911
1664188281800000,11.3131353,46.4333911
1664188281900000,11.3131353,46.4333911
1664188282000000,11.3131353,46.4333911
1664188282100000,11.3131353,46.4333911
1664188282200000,11.3131353,46.4333911
1664188282300000,11.3131353,46.4333911
1664188282400000,11.3131353,46.4333911
1664188282500000,11.3131354,46.4333911
1664188282600000,11.3131354,46.4333911
1664188282700000,11.3131354,46.433391
1664188282800000,11.3131354,46.4333911
1664188282900000,11.3131355,46.433391
1664188283000000,11.3131355,46.433391
1664188283100000,11.3131355,46.433391
1664188283200000,11.3131355,46.433391
1664188283300000,11.3131356,46.433391
1664188283400000,11.3131356,46.433391
1664188283500000,11.3131356,46.433391
1664188283600000,11.3131356,46.433391
1664188283700000,11.3131357,46.433391
1664188283800000,11.3131357,46.433391
1664188283900000,11.3131357,46.433391
1664188284000000,11.3131357,46.433391
1664188284100000,11.3131357,46.433391
1664188284200000,11.3131357,46.433391
1664188284300000,11.3131358,46.4333909
1664188284400000,11.3131358,46.4333909
1664188284500000,11.3131358,46.4333909
1664188284600000,11.3131358,46.4333909
1664188284700000,11.3131358,46.4333909
1664188284800000,11.3131358,46.4333909
1664188284900000,11.3131358,46.4333909
1664188285000000,11.3131359,46.4333909
1664188285100000,11.3131359,46.4333909
1664188285200000,11.3131359,46.4333909
1664188285300000,11.3131359,46.4333909
1664188285400000,11.3131359,46.4333909
1664188285500000,11.3131359,46.4333909
1664188285600000,11.3131359,46.4333909
1664188285700000,11.3131359,46.4333909
1664188285800000,11.3131359,46.4333909
1664188285900000,11.3131359,46.4333909
1664188286000000,11.313136,46.4333909
1664188286100000,11.313136,46.4333909
1664188286200000,11.313136,46.4333909
1664188286300000,11.313136,46.4333909
1664188286400000,11.313136,46.4333909
1664188286500000,11.3131361,46.4333909
1664188286600000,11.3131361,46.4333909
1664188286700000,11.3131361,46.4333909
1664188286800000,11.3131361,46.4333909
1664188286900000,11.3131361,46.4333909
1664188287000000,11.3131361,46.4333909
1664188287100000,11.3131361,46.4333909
1664188287200000,11.3131362,46.4333909
1664188287300000,11.3131362,46.4333909
1664188287400000,11.3131362,46.4333909
1664188287500000,11.3131362,46.4333909
1664188287600000,11.3131362,46.4333909
1664188287700000,11.3131362,46.4333909
1664188287800000,11.3131362,46.4333909
1664188287900000,11.3131362,46.4333909
1664188288000000,11.3131363,46.4333909
1664188288100000,11.3131363,46.4333909
1664188288200000,11.3131363,46.4333909
1664188288300000,11.3131363,46.4333909
1664188288400000,11.3131363,46.4333909
1664188288500000,11.3131363,46.4333909
1664188288600000,11.3131363,46.4333909
1664188288700000,11.3131363,46.4333909
1664188288800000,11.3131363,46.4333909
1664188288900000,11.3131363,46.4333909
1664188289000000,11.3131364,46.433391
1664188289100000,11.3131363,46.433391
1664188289200000,11.3131363,46.433391
1664188289300000,11.3131364,46.433391
1664188289400000,11.3131364,46.433391
1664188289500000,11.3131364,46.433391
1664188289600000,11.3131364,46.433391
1664188289700000,11.3131364,46.433391
1664188289800000,11.3131364,46.433391
1664188289900000,11.3131364,46.433391
1664188290000000,11.3131364,46.433391
1664188290100000,11.3131364,46.433391
1664188290200000,11.3131364,46.433391
1664188290300000,11.3131364,46.433391
1664188290400000,11.3131364,46.433391
1664188290500000,11.3131364,46.433391
1664188290600000,11.3131364,46.433391
1664188290700000,11.3131364,46.433391
1664188290800000,11.3131364,46.4333911
1664188290900000,11.3131364,46.4333911
1664188291000000,11.3131364,46.4333911
1664188291100000,11.3131364,46.4333911
1664188291200000,11.3131364,46.4333911
1664188291300000,11.3131364,46.4333911
1664188291400000,11.3131364,46.4333911
1664188291500000,11.3131364,46.4333911
1664188291600000,11.3131364,46.4333911
1664188291700000,11.3131364,46.4333911
1664188291800000,11.3131364,46.4333911
1664188291900000,11.3131364,46.4333911
1664188292000000,11.3131364,46.4333911
1664188292100000,11.3131364,46.4333911
1664188292200000,11.3131364,46.4333912
1664188292300000,11.3131363,46.4333912
1664188292400000,11.3131363,46.4333912
1664188292500000,11.3131363,46.4333912
1664188292600000,11.3131363,46.4333913
1664188292700000,11.3131363,46.4333913
1664188292800000,11.3131363,46.4333913
1664188292900000,11.3131363,46.4333913
1664188293000000,11.3131363,46.4333913
1664188293100000,11.3131363,46.4333913
1664188293200000,11.3131363,46.4333913
1664188293300000,11.3131362,46.4333913
1664188293400000,11.3131362,46.4333913
1664188293500000,11.3131362,46.4333913
1664188293600000,11.3131362,46.4333913
1664188293700000,11.3131362,46.4333914
1664188293800000,11.3131362,46.4333914
1664188293900000,11.3131362,46.4333914
1664188294000000,11.3131361,46.4333914
1664188294100000,11.3131361,46.4333914
1664188294200000,11.3131361,46.4333914
1664188294300000,11.3131361,46.4333914
1664188294400000,11.3131361,46.4333914
1664188294500000,11.3131361,46.4333914
1664188294600000,11.3131361,46.4333914
1664188294700000,11.3131361,46.4333914
1664188294800000,11.3131361,46.4333914
1664188294900000,11.3131361,46.4333914
1664188295000000,11.3131361,46.4333914
1664188295100000,11.313136,46.4333914
1664188295200000,11.313136,46.4333914
1664188295300000,11.313136,46.4333914
1664188295400000,11.313136,46.4333914
1664188295500000,11.313136,46.4333914
1664188295600000,11.313136,46.4333915
1664188295700000,11.3131359,46.4333915
1664188295800000,11.3131359,46.4333915
1664188295900000,11.3131359,46.4333915
1664188296000000,11.3131359,46.4333915
1664188296100000,11.3131359,46.4333915
1664188296200000,11.3131359,46.4333915
1664188296300000,11.3131358,46.4333915
1664188296400000,11.3131358,46.4333915
1664188296500000,11.3131358,46.4333915
1664188296600000,11.3131358,46.4333915
1664188296700000,11.3131358,46.4333914
1664188296800000,11.3131357,46.4333914
1664188296900000,11.3131357,46.4333914
1664188297000000,11.3131357,46.4333914
1664188297100000,11.3131357,46.4333914
1664188297200000,11.3131357,46.4333914
1664188297300000,11.3131356,46.4333914
1664188297400000,11.3131356,46.4333914
1664188297500000,11.3131356,46.4333914
1664188297600000,11.3131356,46.4333914
1664188297700000,11.3131356,46.4333914
1664188297800000,11.3131356,46.4333913
1664188297900000,11.3131356,46.4333913
1664188298000000,11.3131356,46.4333913
1664188298100000,11.3131356,46.4333913
1664188298200000,11.3131356,46.4333913
1664188298300000,11.3131356,46.4333913
1664188298400000,11.3131356,46.4333913
1664188298500000,11.3131356,46.4333913
1664188298600000,11.3131356,46.4333913
1664188298700000,11.3131356,46.4333913
1664188298800000,11.3131356,46.4333913
1664188298900000,11.3131356,46.4333913
1664188299000000,11.3131356,46.4333912
1664188299100000,11.3131356,46.4333912
1664188299200000,11.3131356,46.4333912
1664188299300000,11.3131356,46.4333912
1664188299400000,11.3131356,46.4333912
1664188299500000,11.3131356,46.4333912
1664188299600000,11.3131356,46.4333912
1664188299700000,11.3131356,46.4333912
1664188299800000,11.3131356,46.4333912
1664188299900000,11.3131356,46.4333912
1664188300000000,11.3131356,46.4333912
1664188300100000,11.3131356,46.4333912
1664188300200000,11.3131356,46.4333912
1664188300300000,11.3131356,46.4333911
1664188300400000,11.3131356,46.4333911
1664188300500000,11.3131356,46.4333911
1664188300600000,11.3131356,46.4333911
1664188300700000,11.3131356,46.4333911
1664188300800000,11.3131356,46.4333911
1664188300900000,11.3131356,46.4333911
1664188301000000,11.3131356,46.4333911
1664188301100000,11.3131355,46.4333911
1664188301200000,11.3131355,46.4333911
1664188301300000,11.3131355,46.4333911
1664188301400000,11.3131355,46.4333911
1664188301500000,11.3131355,46.433391
1664188301600000,11.3131355,46.4333911
1664188301700000,11.3131355,46.4333911
1664188301800000,11.3131354,46.4333911
1664188301900000,11.3131354,46.433391
1664188302000000,11.3131354,46.433391
1664188302100000,11.3131354,46.433391
1664188302200000,11.3131354,46.433391
1664188302300000,11.3131354,46.433391
1664188302400000,11.3131354,46.433391
1664188302500000,11.3131354,46.433391
1664188302600000,11.3131354,46.4333909
1664188302700000,11.3131354,46.4333909
1664188302800000,11.3131355,46.4333909
1664188302900000,11.3131355,46.4333909
1664188303000000,11.3131355,46.4333909
1664188303100000,11.3131355,46.4333909
1664188303200000,11.3131355,46.4333908
1664188303300000,11.3131355,46.4333908
1664188303400000,11.3131355,46.4333908
1664188303500000,11.3131355,46.4333908
1664188303600000,11.3131355,46.4333908
1664188303700000,11.3131355,46.4333908
1664188303800000,11.3131355,46.4333907
1664188303900000,11.3131355,46.4333907
1664188304000000,11.3131355,46.4333907
1664188304100000,11.3131355,46.4333907
1664188304200000,11.3131355,46.4333907
1664188304300000,11.3131355,46.4333907
1664188304400000,11.3131355,46.4333907
1664188304500000,11.3131356,46.4333907
1664188304600000,11.3131356,46.4333907
1664188304700000,11.3131356,46.4333907
1664188304800000,11.3131356,46.4333907
1664188304900000,11.3131356,46.4333907
1664188305000000,11.3131357,46.4333907
1664188305100000,11.3131357,46.4333906
1664188305200000,11.3131357,46.4333906
1664188305300000,11.3131357,46.4333906
1664188305400000,11.3131357,46.4333906
1664188305500000,11.3131357,46.4333906
1664188305600000,11.3131357,46.4333906
1664188305700000,11.3131357,46.4333906
1664188305800000,11.3131357,46.4333906
1664188305900000,11.3131357,46.4333906
1664188306000000,11.3131357,46.4333906
1664188306100000,11.3131357,46.4333906
1664188306200000,11.3131357,46.4333906
1664188306300000,11.3131357,46.4333906
1664188306400000,11.3131358,46.4333906
1664188306500000,11.3131358,46.4333906
1664188306600000,11.3131358,46.4333906
1664188306700000,11.3131358,46.4333906
1664188306800000,11.3131358,46.4333906
1664188306900000,11.3131358,46.4333905
1664188307000000,11.3131358,46.4333905
1664188307100000,11.3131358,46.4333905
1664188307200000,11.3131358,46.4333905
1664188307300000,11.3131358,46.4333905
1664188307400000,11.3131358,46.4333905
1664188307500000,11.3131359,46.4333905
1664188307600000,11.3131359,46.4333905
1664188307700000,11.3131359,46.4333905
1664188307800000,11.3131359,46.4333905
1664188307900000,11.3131359,46.4333905
1664188308000000,11.3131359,46.4333905
1664188308100000,11.313136,46.4333905
1664188308200000,11.313136,46.4333905
1664188308300000,11.313136,46.4333905
1664188308400000,11.313136,46.4333905
1664188308500000,11.313136,46.4333904
1664188308600000,11.313136,46.4333904
1664188308700000,11.313136,46.4333904
1664188308800000,11.313136,46.4333904
1664188308900000,11.313136,46.4333904
1664188309000000,11.313136,46.4333904
1664188309100000,11.313136,46.4333904
1664188309200000,11.3131361,46.4333904
1664188309300000,11.313136,46.4333904
1664188309400000,11.313136,46.4333904
1664188309500000,11.313136,46.4333904
1664188309600000,11.3131361,46.4333904
1664188309700000,11.313136,46.4333904
1664188309800000,11.313136,46.4333904
1664188309900000,11.313136,46.4333904
1664188310000000,11.313136,46.4333904
1664188310100000,11.313136,46.4333904
1664188310200000,11.313136,46.4333904
1664188310300000,11.313136,46.4333904
1664188310400000,11.313136,46.4333904
1664188310500000,11.313136,46.4333904
1664188310600000,11.313136,46.4333904
1664188310700000,11.313136,46.4333904
1664188310800000,11.313136,46.4333904
1664188310900000,11.313136,46.4333904
1664188311000000,11.313136,46.4333904
1664188311100000,11.313136,46.4333904
1664188311200000,11.3131359,46.4333904
1664188311300000,11.3131359,46.4333904
1664188311400000,11.3131359,46.4333905
1664188311500000,11.3131359,46.4333905
1664188311600000,11.3131359,46.4333905
1664188311700000,11.3131358,46.4333905
1664188311800000,11.3131358,46.4333905
1664188311900000,11.3131358,46.4333905
1664188312000000,11.3131358,46.4333905
1664188312100000,11.3131358,46.4333905
1664188312200000,11.3131358,46.4333905
1664188312300000,11.3131358,46.4333906
1664188312400000,11.3131358,46.4333906
1664188312500000,11.3131358,46.4333906
1664188312600000,11.3131358,46.4333906
1664188312700000,11.3131358,46.4333906
1664188312800000,11.3131358,46.4333906
1664188312900000,11.3131358,46.4333906
1664188313000000,11.3131358,46.4333906
1664188313100000,11.3131358,46.4333906
1664188313200000,11.3131357,46.4333906
1664188313300000,11.3131358,46.4333907
1664188313400000,11.3131358,46.4333907
1664188313500000,11.3131358,46.4333907
1664188313600000,11.3131357,46.4333907
1664188313700000,11.3131357,46.4333907
1664188313800000,11.3131357,46.4333907
1664188313900000,11.3131357,46.4333908
1664188314000000,11.3131357,46.4333908
1664188314100000,11.3131357,46.4333908
1664188314200000,11.3131357,46.4333908
1664188314300000,11.3131357,46.4333908
1664188314400000,11.3131357,46.4333908
1664188314500000,11.3131357,46.4333908
1664188314600000,11.3131357,46.4333908
1664188314700000,11.3131357,46.4333908
1664188314800000,11.3131357,46.4333908
1664188314900000,11.3131357,46.4333909